{
    "Preplexity": [
        2.019901752471924,
        1.3914695978164673,
        1.28533136844635,
        1.2096575498580933,
        1.1621309518814087
    ],
    "accuracy": [
        0.7929478287696838,
        0.9003167748451233,
        0.9229070544242859,
        0.9404971599578857,
        0.9523513913154602
    ],
    "loss": [
        0.7067986726760864,
        0.3346928358078003,
        0.25587165355682373,
        0.19564126431941986,
        0.1558060199022293
    ],
    "val_Preplexity": [
        2.1313233375549316,
        2.116178512573242,
        2.2391598224639893,
        2.3532228469848633,
        2.4712650775909424
    ],
    "val_accuracy": [
        0.8125607967376709,
        0.8240785598754883,
        0.8254508376121521,
        0.8284142017364502,
        0.8301998376846313
    ],
    "val_loss": [
        0.7608373165130615,
        0.7542304992675781,
        0.811232328414917,
        0.8612667322158813,
        0.9103369116783142
    ],
    "learning_rate": [
        0.0010000000474974513,
        0.0009440609137527645,
        0.0008413951727561653,
        0.0007079457864165306,
        0.000562341301701963
    ]
}